Metrics;EOS_FN@2: ;EOS_FN@3: ;EOS_FN@5: ;EOS_FN@10: ;EOS_FN@15: ;EOS_FN@20: ;EOS_FP@2: ;EOS_FP@3: ;EOS_FP@5: ;EOS_FP@10: ;EOS_FP@15: ;EOS_FP@20: ;EOS_PREDICTED_COUNT@2: ;EOS_PREDICTED_COUNT@3: ;EOS_PREDICTED_COUNT@5: ;EOS_PREDICTED_COUNT@10: ;EOS_PREDICTED_COUNT@15: ;EOS_PREDICTED_COUNT@20: ;EOS_ACTUAL_COUNT@1: ;EOS_HIT_COUNT@2: ;EOS_HIT_COUNT@3: ;EOS_HIT_COUNT@5: ;EOS_HIT_COUNT@10: ;EOS_HIT_COUNT@15: ;EOS_HIT_COUNT@20: ;EOS_HIT_RATE@2: ;EOS_HIT_RATE@3: ;EOS_HIT_RATE@5: ;EOS_HIT_RATE@10: ;EOS_HIT_RATE@15: ;EOS_HIT_RATE@20: ;
rsc15FileModelclicks64Short;0.19939496271281834;0.18989728436752498;0.17934430842831012;0.16267060644435063;0.15258196144646125;0.1459546925566343;0.05151259321795413;0.07976642746587871;0.11611087660053468;0.1730125228647812;0.20932883073026592;0.23582383565498805;4782;7465;10798;16027;19325;21679;15292;1121;1796;2546;3731;4448;4919;0.015773181370479807;0.02527085971577318;0.03582383565498804;0.05249753763894752;0.06258618263683692;0.06921345152666385;
