Metrics;EOS_FN@2: ;EOS_FN@3: ;EOS_FN@5: ;EOS_FN@10: ;EOS_FN@15: ;EOS_FN@20: ;EOS_FP@2: ;EOS_FP@3: ;EOS_FP@5: ;EOS_FP@10: ;EOS_FP@15: ;EOS_FP@20: ;EOS_PREDICTED_COUNT@2: ;EOS_PREDICTED_COUNT@3: ;EOS_PREDICTED_COUNT@5: ;EOS_PREDICTED_COUNT@10: ;EOS_PREDICTED_COUNT@15: ;EOS_PREDICTED_COUNT@20: ;EOS_ACTUAL_COUNT@1: ;EOS_HIT_COUNT@2: ;EOS_HIT_COUNT@3: ;EOS_HIT_COUNT@5: ;EOS_HIT_COUNT@10: ;EOS_HIT_COUNT@15: ;EOS_HIT_COUNT@20: ;EOS_HIT_RATE@2: ;EOS_HIT_RATE@3: ;EOS_HIT_RATE@5: ;EOS_HIT_RATE@10: ;EOS_HIT_RATE@15: ;EOS_HIT_RATE@20: ;
rsc15FileModelclicks64Short;0.214211340931476;0.21359223300970873;0.21248065287744478;0.2097931616715914;0.20621922048684396;0.20211059518784297;0.0012100745743633039;0.0018573237653018151;0.0034613761080624734;0.00823132123258759;0.013831433797664276;0.021471788377655832;154;244;437;967;1619;2454;15292;68;112;191;382;636;928;0.0009568031518221472;0.0015759110735894188;0.002687491205853384;0.005374982411706768;0.0089489235964542;0.013057548895455184;
