Metrics;EOS_FN@2: ;EOS_FN@3: ;EOS_FN@5: ;EOS_FN@10: ;EOS_FN@15: ;EOS_FN@20: ;EOS_FP@2: ;EOS_FP@3: ;EOS_FP@5: ;EOS_FP@10: ;EOS_FP@15: ;EOS_FP@20: ;EOS_PREDICTED_COUNT@2: ;EOS_PREDICTED_COUNT@3: ;EOS_PREDICTED_COUNT@5: ;EOS_PREDICTED_COUNT@10: ;EOS_PREDICTED_COUNT@15: ;EOS_PREDICTED_COUNT@20: ;EOS_ACTUAL_COUNT@1: ;
rsc15FileModelclicks64Short;0.17980863936963556;0.16663852539749544;0.14381595609962008;0.09338680174475869;0.057591107358941886;0.042183762487688195;0.038342479245813986;0.057689601801041226;0.09470944139580695;0.1900520613479668;0.27698044181792597;0.3301955818207401;5238;7549;11802;22162;30884;35761;15292;
