Metrics;EOS_FN@2: ;EOS_FN@3: ;EOS_FN@5: ;EOS_FN@10: ;EOS_FN@15: ;EOS_FN@20: ;EOS_FP@2: ;EOS_FP@3: ;EOS_FP@5: ;EOS_FP@10: ;EOS_FP@15: ;EOS_FP@20: ;EOS_PREDICTED_COUNT@2: ;EOS_PREDICTED_COUNT@3: ;EOS_PREDICTED_COUNT@5: ;EOS_PREDICTED_COUNT@10: ;EOS_PREDICTED_COUNT@15: ;EOS_PREDICTED_COUNT@20: ;EOS_ACTUAL_COUNT@1: ;EOS_HIT_COUNT@2: ;EOS_HIT_COUNT@3: ;EOS_HIT_COUNT@5: ;EOS_HIT_COUNT@10: ;EOS_HIT_COUNT@15: ;EOS_HIT_COUNT@20: ;EOS_HIT_RATE@2: ;EOS_HIT_RATE@3: ;EOS_HIT_RATE@5: ;EOS_HIT_RATE@10: ;EOS_HIT_RATE@15: ;EOS_HIT_RATE@20: ;
rsc15FileModelclicks64Short;0.2124243703391023;0.21115801322639652;0.20889264105811173;0.20208245391867175;0.1924722104966934;0.18006191079217673;0.005895595891374701;0.008808217250598003;0.013465597298438159;0.03208104685521317;0.054833262980160405;0.08782890108343887;614;911;1403;3210;5510;8737;15292;195;285;446;930;1613;2495;0.002743773744195863;0.004010130856901647;0.006275503025186436;0.013085690164626424;0.022695933586604756;0.035106233291121426;
